{"cameraMode":{"drawMode":0,"name":"Shaded","section":"Shading Mode"},"sceneLighting":false,"audioPlay":false,"sceneViewState":{"m_AlwaysRefresh":false,"showFog":true,"showSkybox":true,"showFlares":true,"showImageEffects":true,"showParticleSystems":true,"showVisualEffectGraphs":true,"m_FxEnabled":true},"in2DMode":false,"pivot":{"x":0.9901922345161438,"y":-0.38954880833625796,"z":-13.712806701660157},"rotation":{"x":-0.0008310232078656554,"y":-0.9984387755393982,"z":0.05597210302948952,"w":-0.015387256629765034},"size":11.744758605957032,"orthographic":false}